Title,Movie Rating,Year,Director,Gross Income,Movie Genre,Movie Runtime,IMDb Rating,Votes
500 Days of Summer,PG-13,2009,Marc Webb,32.39,"Comedy,Drama,Romance",95,7.7,462436.0
12 Years a Slave,R,2013,Steve McQueen,56.67,"Biography,Drama,History",134,8.1,620980.0
127 Hours,R,2010,Danny Boyle,18.34,"Biography,Drama",94,7.6,340929.0
1917,R,2019,Sam Mendes,159.23,"Drama,War",119,8.3,346003.0
2001: A Space Odyssey,G,1968,Stanley Kubrick,56.95,"Adventure,Sci-Fi",149,8.3,583950.0
21 Grams,R,2003,Alejandro G. Iñárritu,16.29,"Crime,Drama,Thriller",124,7.7,220650.0
25th Hour,R,2002,Spike Lee,13.06,Drama,135,7.6,167425.0
28 Days Later...,R,2002,Danny Boyle,45.06,"Action,Drama,Horror",113,7.6,367941.0
3 Idiots,PG-13,2009,Rajkumar Hirani,6.53,"Comedy,Drama",170,8.4,328842.0
300,R,2006,Zack Snyder,210.61,"Action,Drama",117,7.6,720178.0
3:10 to Yuma,R,2007,James Mangold,53.61,"Action,Crime,Drama",122,7.7,282405.0
50/50,R,2011,Jonathan Levine,35.01,"Comedy,Drama,Romance",100,7.6,310984.0
A Beautiful Mind,PG-13,2001,Ron Howard,170.74,"Biography,Drama",135,8.2,823164.0
A Bronx Tale,R,1993,Robert De Niro,17.27,"Crime,Drama,Romance",121,7.8,124314.0
A Christmas Story,PG,1983,Bob Clark,20.61,"Comedy,Family",94,7.9,127484.0
A Clockwork Orange,R,1971,Stanley Kubrick,6.21,"Crime,Drama,Sci-Fi",136,8.3,736402.0
A Few Good Men,R,1992,Rob Reiner,141.34,"Drama,Thriller",138,7.7,228044.0
A Hard Day's Night,G,1964,Richard Lester,13.78,"Comedy,Music,Musical",87,7.6,39165.0
A Little Princess,G,1995,Alfonso Cuarón,10.02,"Drama,Family,Fantasy",97,7.7,31307.0
A Man for All Seasons,G,1966,Fred Zinnemann,28.35,"Biography,Drama,History",120,7.7,30326.0
A Star Is Born,R,2018,Bradley Cooper,215.29,"Drama,Music,Romance",136,7.7,314375.0
A Streetcar Named Desire,PG,1951,Elia Kazan,8.00,Drama,122,8.0,96730.0
About Time,R,2013,Richard Curtis,15.32,"Comedy,Drama,Fantasy",123,7.8,287921.0
Open Your Eyes,R,1997,Alejandro Amenábar,0.37,"Drama,Mystery,Sci-Fi",117,7.8,62566.0
Adam's Apples,R,2005,Anders Thomas Jensen,0.00,"Comedy,Crime,Drama",94,7.8,44283.0
Adaptation.,R,2002,Spike Jonze,22.25,"Comedy,Drama",115,7.7,173178.0
After Hours,R,1985,Martin Scorsese,10.60,"Comedy,Crime,Drama",97,7.7,56087.0
Airplane!,PG,1980,Jim Abrahams,83.40,Comedy,88,7.7,206504.0
The Man from Nowhere,R,2010,Jeong-beom Lee,0.01,"Action,Drama,Thriller",119,7.8,60398.0
Akira,R,1988,Katsuhiro Ôtomo,0.55,"Animation,Action,Drama",124,8.0,158102.0
Aladdin,G,1992,Ron Clements,217.35,"Animation,Adventure,Comedy",90,8.0,362028.0
Alien,R,1979,Ridley Scott,78.90,"Horror,Sci-Fi",117,8.4,764292.0
Aliens,R,1986,James Cameron,85.16,"Action,Adventure,Sci-Fi",137,8.3,636211.0
All That Jazz,R,1979,Bob Fosse,37.82,"Drama,Music,Musical",123,7.9,26956.0
All the President's Men,PG,1976,Alan J. Pakula,70.60,"Biography,Drama,History",138,8.0,99189.0
Almost Famous,R,2000,Cameron Crowe,32.53,"Adventure,Comedy,Drama",122,7.9,246281.0
Amadeus,R,1984,Milos Forman,51.97,"Biography,Drama,History",160,8.3,359144.0
Amarcord,R,1973,Federico Fellini,0,"Comedy,Drama",123,7.9,0.0
American Beauty,R,1999,Sam Mendes,130.10,Drama,122,8.3,1044540.0
American Gangster,R,2007,Ridley Scott,130.16,"Biography,Crime,Drama",157,7.8,382320.0
American History X,R,1998,Tony Kaye,6.72,Drama,119,8.5,1008926.0
American Psycho,R,2000,Mary Harron,15.07,"Comedy,Crime,Drama",101,7.6,469046.0
Amores Perros,R,2000,Alejandro G. Iñárritu,5.38,"Drama,Thriller",154,8.1,218221.0
Amour,PG-13,2012,Michael Haneke,6.74,"Drama,Romance",127,7.9,90702.0
And Now for Something Completely Different,PG,1971,Ian MacNaughton,0,Comedy,88,7.6,0.0
Andaz Apna Apna,PG,1994,Rajkumar Santoshi,0,"Comedy,Romance",160,8.2,0.0
Andrei Rublev,R,1966,Andrei Tarkovsky,0.10,"Biography,Drama,History",205,8.1,44304.0
Annie Hall,PG,1977,Woody Allen,39.20,"Comedy,Romance",93,8.0,247299.0
Apocalypse Now,R,1979,Francis Ford Coppola,83.47,"Drama,Mystery,War",147,8.4,587194.0
Apocalypto,R,2006,Mel Gibson,50.87,"Action,Adventure,Drama",139,7.8,284836.0
Apollo 13,PG,1995,Ron Howard,173.84,"Adventure,Drama,History",140,7.6,261009.0
Argo,R,2012,Ben Affleck,136.03,"Biography,Drama,Thriller",120,7.7,561060.0
Arrival,PG-13,2016,Denis Villeneuve,100.55,"Drama,Mystery,Sci-Fi",116,7.9,571181.0
As Good as It Gets,PG-13,1997,James L. Brooks,148.48,"Comedy,Drama,Romance",139,7.7,268790.0
Atonement,R,2007,Joe Wright,50.93,"Drama,Mystery,Romance",123,7.8,242129.0
Au Revoir les Enfants,PG,1987,Louis Malle,4.54,"Drama,War",104,8.0,30262.0
Avatar,PG-13,2009,James Cameron,760.51,"Action,Adventure,Fantasy",162,7.8,1097342.0
Avengers: Endgame,PG-13,2019,Anthony Russo,858.37,"Action,Adventure,Drama",181,8.4,740908.0
Avengers: Infinity War,PG-13,2018,Anthony Russo,678.82,"Action,Adventure,Sci-Fi",149,8.4,787989.0
Awakenings,PG-13,1990,Penny Marshall,52.10,"Biography,Drama",121,7.8,119874.0
Baby Driver,R,2017,Edgar Wright,107.83,"Action,Crime,Drama",113,7.6,417867.0
Children of Heaven,PG,1997,Majid Majidi,0.93,"Drama,Family,Sport",89,8.3,61571.0
Back to the Future,PG,1985,Robert Zemeckis,210.61,"Adventure,Comedy,Sci-Fi",116,8.5,1018945.0
Back to the Future Part II,PG,1989,Robert Zemeckis,118.50,"Adventure,Comedy,Sci-Fi",108,7.8,464027.0
Badlands,PG,1973,Terrence Malick,0,"Action,Crime,Drama",94,7.8,0.0
Barry Lyndon,PG,1975,Stanley Kubrick,0,"Adventure,Drama,History",185,8.1,0.0
Barton Fink,R,1991,Joel Coen,6.15,"Comedy,Drama,Thriller",116,7.7,110287.0
Batman Begins,PG-13,2005,Christopher Nolan,206.85,"Action,Adventure",140,8.2,1271053.0
Batman: Mask of the Phantasm,PG,1993,Eric Radomski,5.62,"Animation,Action,Crime",76,7.8,41824.0
Beauty and the Beast,G,1991,Gary Trousdale,218.97,"Animation,Family,Fantasy",84,8.0,409093.0
Before Midnight,R,2013,Richard Linklater,8.11,"Drama,Romance",109,7.9,135231.0
Before Sunrise,R,1995,Richard Linklater,5.54,"Drama,Romance",101,8.1,260214.0
Before Sunset,R,2004,Richard Linklater,5.82,"Drama,Romance",80,8.0,226797.0
Being John Malkovich,R,1999,Spike Jonze,22.86,"Comedy,Drama,Fantasy",113,7.7,302291.0
Being There,PG,1979,Hal Ashby,30.18,"Comedy,Drama",130,8.0,63853.0
Belle de Jour,R,1967,Luis Buñuel,0.03,Drama,100,7.7,38875.0
Ben-Hur,G,1959,William Wyler,74.70,"Adventure,Drama,History",212,8.1,213813.0
Big Fish,PG-13,2003,Tim Burton,66.26,"Adventure,Drama,Fantasy",125,8.0,406588.0
Big Hero 6,PG,2014,Don Hall,222.53,"Animation,Action,Adventure",102,7.8,398810.0
Billy Elliot,R,2000,Stephen Daldry,22.00,"Drama,Music",110,7.7,123325.0
3-Iron,R,2004,Ki-duk Kim,0.24,"Crime,Drama,Romance",88,8.0,48362.0
Birdman or (The Unexpected Virtue of Ignorance),R,2014,Alejandro G. Iñárritu,42.34,"Comedy,Drama",119,7.7,562976.0
Black Hawk Down,R,2001,Ridley Scott,108.64,"Drama,History,War",144,7.7,356740.0
Black Swan,R,2010,Darren Aronofsky,106.95,"Drama,Thriller",108,8.0,683427.0
Blade Runner,R,1982,Ridley Scott,32.87,"Action,Sci-Fi,Thriller",117,8.1,674381.0
Blade Runner 2049,R,2017,Denis Villeneuve,92.05,"Action,Drama,Mystery",164,8.0,436401.0
Blazing Saddles,R,1974,Mel Brooks,119.50,"Comedy,Western",93,7.7,122748.0
Blood Diamond,R,2006,Edward Zwick,57.37,"Adventure,Drama,Thriller",143,8.0,487455.0
Blood Simple,R,1984,Joel Coen,2.15,"Crime,Drama,Thriller",99,7.6,84853.0
Blow,R,2001,Ted Demme,52.99,"Biography,Crime,Drama",124,7.6,235427.0
Blue Velvet,R,1986,David Lynch,8.55,"Drama,Mystery,Thriller",120,7.8,175250.0
Bohemian Rhapsody,PG-13,2018,Bryan Singer,216.43,"Biography,Drama,Music",134,8.0,429764.0
Sympathy for Mr. Vengeance,R,2002,Chan-wook Park,0.05,"Crime,Drama,Thriller",129,7.6,60646.0
"Spring, Summer, Fall, Winter... and Spring",R,2003,Ki-duk Kim,2.38,"Drama,Romance",103,8.0,75205.0
Bonnie and Clyde,R,1967,Arthur Penn,0,"Action,Biography,Crime",111,7.8,0.0
Boogie Nights,R,1997,Paul Thomas Anderson,26.40,Drama,155,7.9,232469.0
"Blood In, Blood Out",R,1993,Taylor Hackford,4.50,"Crime,Drama",180,8.0,28142.0
Boyhood,R,2014,Richard Linklater,25.38,Drama,165,7.9,329526.0
Boyz n the Hood,R,1991,John Singleton,57.50,"Crime,Drama",112,7.7,120853.0
Braveheart,R,1995,Mel Gibson,75.60,"Biography,Drama,History",178,8.3,937999.0
Brazil,R,1985,Terry Gilliam,9.93,"Drama,Sci-Fi",132,7.9,183609.0
Breaking the Waves,R,1996,Lars von Trier,4.04,Drama,159,7.8,60811.0
Bridge of Spies,PG-13,2015,Steven Spielberg,72.31,"Drama,History,Thriller",142,7.6,279661.0
Brokeback Mountain,R,2005,Ang Lee,83.04,"Drama,Romance",134,7.7,315614.0
Butch Cassidy and the Sundance Kid,PG,1969,George Roy Hill,102.31,"Biography,Crime,Drama",110,8.0,198519.0
Once Upon a Time in the West,PG-13,1968,Sergio Leone,5.32,Western,165,8.5,293026.0
Cabaret,PG,1972,Bob Fosse,42.77,"Drama,Musical",124,7.8,46922.0
Call Me by Your Name,R,2017,Luca Guadagnino,18.10,"Drama,Romance",132,7.9,196477.0
Capharnaüm,R,2018,Nadine Labaki,1.66,Drama,126,8.4,51076.0
Captain America: Civil War,PG-13,2016,Anthony Russo,408.08,"Action,Adventure,Sci-Fi",147,7.8,640123.0
Captain America: The Winter Soldier,PG-13,2014,Anthony Russo,259.77,"Action,Adventure,Sci-Fi",136,7.7,715650.0
Captain Fantastic,R,2016,Matt Ross,5.88,"Comedy,Drama",118,7.9,180385.0
Captain Phillips,PG-13,2013,Paul Greengrass,107.10,"Biography,Crime,Drama",134,7.8,409934.0
Carlito's Way,R,1993,Brian De Palma,36.95,"Crime,Drama,Thriller",144,7.9,195497.0
Casablanca,PG,1942,Michael Curtiz,1.02,"Drama,Romance,War",102,8.5,507156.0
Casino,R,1995,Martin Scorsese,42.44,"Crime,Drama",178,8.2,449258.0
Casino Royale,PG-13,2006,Martin Campbell,167.45,"Action,Adventure,Thriller",144,8.0,567698.0
Cast Away,PG-13,2000,Robert Zemeckis,233.63,"Adventure,Drama,Romance",143,7.8,507565.0
Catch Me If You Can,PG-13,2002,Steven Spielberg,164.62,"Biography,Crime,Drama",141,8.1,793306.0
Central Station,R,1998,Walter Salles,5.60,Drama,110,8.0,35168.0
Changeling,R,2008,Clint Eastwood,35.74,"Biography,Crime,Drama",141,7.7,232452.0
Children of Men,R,2006,Alfonso Cuarón,35.55,"Drama,Sci-Fi,Thriller",109,7.9,453622.0
Chinatown,R,1974,Roman Polanski,29.20,"Drama,Mystery,Thriller",130,8.2,284902.0
Lady Vengeance,R,2005,Chan-wook Park,0.21,"Crime,Drama,Thriller",115,7.6,69783.0
Chungking Express,PG-13,1994,Kar-Wai Wong,0.60,"Comedy,Crime,Drama",102,8.1,59360.0
City of God,R,2002,Fernando Meirelles,7.56,"Crime,Drama",130,8.6,682944.0
Cinderella Man,PG-13,2005,Ron Howard,61.65,"Biography,Drama,History",144,8.0,172929.0
Citizen Kane,PG,1941,Orson Welles,1.59,"Drama,Mystery",119,8.3,387026.0
City Lights,G,1931,Charles Chaplin,0.02,"Comedy,Drama,Romance",87,8.5,161227.0
Clerks,R,1994,Kevin Smith,3.15,Comedy,92,7.7,208658.0
Close Encounters of the Third Kind,PG,1977,Steven Spielberg,132.09,"Drama,Sci-Fi",138,7.6,179236.0
Coco,PG,2017,Lee Unkrich,209.73,"Animation,Adventure,Family",105,8.4,347057.0
The Invisible Guest,106 min,2016,Oriol Paulo,0,"Crime,Mystery,Thriller",106,8.1,0.0
Control,R,2007,Anton Corbijn,0.87,"Biography,Drama,Music",122,7.7,60468.0
Coraline,PG,2009,Henry Selick,75.29,"Animation,Drama,Family",100,7.7,189665.0
Cowboy Bebop: The Movie,115 min,2001,Shin'ichirô Watanabe,1.00,"Animation,Action,Crime",115,7.9,41719.0
Crash,R,2004,Paul Haggis,54.58,"Crime,Drama,Thriller",112,7.7,414054.0
Creed,PG-13,2015,Ryan Coogler,109.77,"Drama,Sport",133,7.6,240598.0
Crimes and Misdemeanors,PG-13,1989,Woody Allen,18.25,"Comedy,Drama",104,7.9,53288.0
"Crna macka, beli macor",R,1998,Emir Kusturica,0.35,"Comedy,Crime,Romance",127,8.1,49639.0
Raise the Red Lantern,PG,1991,Yimou Zhang,2.60,"Drama,History,Romance",125,8.1,28492.0
Dallas Buyers Club,R,2013,Jean-Marc Vallée,27.30,"Biography,Drama",117,8.0,427840.0
Dancer in the Dark,R,2000,Lars von Trier,4.18,"Crime,Drama,Musical",140,8.0,99561.0
Dances with Wolves,PG-13,1990,Kevin Costner,184.21,"Adventure,Drama,Western",181,8.0,233944.0
Dangerous Liaisons,R,1988,Stephen Frears,34.70,"Drama,Romance",119,7.6,62888.0
Dark City,R,1998,Alex Proyas,14.38,"Mystery,Sci-Fi,Thriller",100,7.6,184410.0
Das Boot,R,1981,Wolfgang Petersen,11.49,"Adventure,Drama,Thriller",149,8.3,224989.0
The Experiment,R,2001,Oliver Hirschbiegel,0.14,"Drama,Thriller",120,7.7,89759.0
The Lives of Others,R,2006,Florian Henckel von Donnersmarck,11.29,"Drama,Mystery,Thriller",137,8.4,347504.0
The White Ribbon,R,2009,Michael Haneke,2.22,"Drama,History,Mystery",144,7.8,67010.0
Dawn of the Planet of the Apes,PG-13,2014,Matt Reeves,208.55,"Action,Adventure,Drama",130,7.6,405350.0
Days of Heaven,PG,1978,Terrence Malick,0,"Drama,Romance",94,7.8,0.0
Dazed and Confused,R,1993,Richard Linklater,7.99,Comedy,102,7.6,160196.0
Dead Man,R,1995,Jim Jarmusch,1.04,"Adventure,Drama,Fantasy",121,7.6,88290.0
Dead Poets Society,PG,1989,Peter Weir,95.86,"Comedy,Drama",128,8.1,407976.0
Deadpool,R,2016,Tim Miller,363.07,"Action,Adventure,Comedy",108,8.0,877641.0
Deadpool 2,R,2018,David Leitch,324.59,"Action,Adventure,Comedy",119,7.7,456537.0
Delicatessen,R,1991,Marc Caro,1.79,"Comedy,Crime",99,7.6,78820.0
Deliverance,R,1972,John Boorman,7.06,"Adventure,Drama,Thriller",109,7.7,96206.0
Wings of Desire,PG-13,1987,Wim Wenders,3.33,"Drama,Fantasy,Romance",128,8.0,62490.0
The Name of the Rose,R,1986,Jean-Jacques Annaud,7.15,"Crime,Drama,Mystery",130,7.7,98943.0
Downfall,R,2004,Oliver Hirschbiegel,5.51,"Biography,Drama,History",156,8.2,323148.0
Despicable Me,PG,2010,Pierre Coffin,251.51,"Animation,Comedy,Family",95,7.6,489266.0
Dial M for Murder,PG,1954,Alfred Hitchcock,0.01,"Crime,Thriller",105,8.2,152073.0
The Motorcycle Diaries,R,2004,Walter Salles,16.76,"Adventure,Biography,Drama",126,7.8,95038.0
Die Hard,R,1988,John McTiernan,83.01,"Action,Thriller",132,8.2,764479.0
Die Hard with a Vengeance,R,1995,John McTiernan,100.01,"Action,Adventure,Thriller",128,7.6,355890.0
The Killer,R,1989,John Woo,0,"Action,Crime,Drama",111,7.8,0.0
Dirty Harry,R,1971,Don Siegel,35.90,"Action,Crime,Thriller",102,7.7,139858.0
District 9,R,2009,Neill Blomkamp,115.65,"Action,Sci-Fi,Thriller",112,7.9,628354.0
Django Unchained,R,2012,Quentin Tarantino,162.81,"Drama,Western",165,8.4,1309774.0
Do the Right Thing,R,1989,Spike Lee,27.55,"Comedy,Drama",120,7.9,85046.0
Doctor Zhivago,PG-13,1965,David Lean,111.72,"Drama,Romance,War",197,8.0,67929.0
Dog Day Afternoon,R,1975,Sidney Lumet,50.00,"Biography,Crime,Drama",125,8.0,229642.0
Dogville,R,2003,Lars von Trier,1.53,"Crime,Drama",178,8.0,134291.0
Donnie Brasco,R,1997,Mike Newell,41.91,"Biography,Crime,Drama",127,7.7,269957.0
Donnie Darko,R,2001,Richard Kelly,1.48,"Drama,Mystery,Sci-Fi",113,8.0,725788.0
Down by Law,R,1986,Jim Jarmusch,1.44,"Comedy,Crime,Drama",107,7.8,46609.0
Dr. Strangelove or: How I Learned to Stop Worrying and Love the Bomb,PG,1964,Stanley Kubrick,0.28,Comedy,95,8.4,438830.0
Drive,R,2011,Nicolas Winding Refn,35.06,"Crime,Drama",100,7.8,555646.0
Dunkirk,PG-13,2017,Christopher Nolan,188.37,"Action,Drama,History",106,7.9,524783.0
E.T. the Extra-Terrestrial,PG,1982,Steven Spielberg,435.11,"Family,Sci-Fi",115,7.8,360639.0
East of Eden,PG,1955,Elia Kazan,0,Drama,118,7.9,0.0
Eastern Promises,R,2007,David Cronenberg,17.11,"Action,Crime,Drama",100,7.6,223065.0
Ed Wood,R,1994,Tim Burton,5.89,"Biography,Comedy,Drama",127,7.8,162504.0
Edge of Tomorrow,PG-13,2014,Doug Liman,100.21,"Action,Adventure,Sci-Fi",113,7.9,583076.0
Edward Scissorhands,PG-13,1990,Tim Burton,56.36,"Drama,Fantasy,Romance",105,7.9,435501.0
After the Wedding,R,2006,Susanne Bier,0.41,Drama,120,7.7,31136.0
Pan's Labyrinth,R,2006,Guillermo del Toro,37.63,"Drama,Fantasy,War",118,8.2,604145.0
The Secret in Their Eyes,R,2009,Juan José Campanella,6.39,"Drama,Mystery,Romance",129,8.2,186591.0
Empire of the Sun,PG,1987,Steven Spielberg,22.24,"Action,Drama,History",153,7.7,112504.0
A Man Called Ove,PG-13,2015,Hannes Holm,3.36,"Comedy,Drama,Romance",116,7.7,44527.0
End of Watch,R,2012,David Ayer,41.00,"Action,Crime,Drama",109,7.6,223404.0
Enemy at the Gates,R,2001,Jean-Jacques Annaud,51.40,"Drama,History,War",131,7.6,237120.0
Enter the Dragon,R,1973,Robert Clouse,25.00,"Action,Crime,Drama",102,7.7,93849.0
Escape from Alcatraz,PG,1979,Don Siegel,43.00,"Biography,Crime,Drama",112,7.6,115320.0
Eternal Sunshine of the Spotless Mind,R,2004,Michel Gondry,34.40,"Drama,Romance,Sci-Fi",108,8.3,884161.0
Evil Dead II,R,1987,Sam Raimi,5.92,"Action,Comedy,Fantasy",84,7.8,143997.0
Ex Machina,R,2014,Alex Garland,25.44,"Drama,Mystery,Sci-Fi",108,7.7,459404.0
In the Mood for Love,PG,2000,Kar-Wai Wong,2.73,"Drama,Romance",98,8.1,118003.0
Falling Down,R,1993,Joel Schumacher,40.90,"Crime,Drama,Thriller",113,7.6,165458.0
Fanny and Alexander,R,1982,Ingmar Bergman,4.97,Drama,188,8.1,55907.0
Fantasia,G,1940,James Algar,76.41,"Animation,Family,Fantasy",125,7.8,86384.0
Fantastic Mr. Fox,PG,2009,Wes Anderson,21.00,"Animation,Adventure,Comedy",87,7.9,191574.0
Fargo,R,1996,Joel Coen,24.61,"Crime,Drama,Thriller",98,8.1,597666.0
Fear and Loathing in Las Vegas,R,1998,Terry Gilliam,10.68,"Adventure,Comedy,Drama",118,7.6,253663.0
Ferris Bueller's Day Off,PG-13,1986,John Hughes,70.14,Comedy,103,7.8,311948.0
The Celebration,R,1998,Thomas Vinterberg,1.65,Drama,105,8.0,76155.0
Fiddler on the Roof,G,1971,Norman Jewison,80.50,"Drama,Family,Musical",181,8.0,38020.0
Fight Club,R,1999,David Fincher,37.03,Drama,139,8.8,1797651.0
Finding Nemo,G,2003,Andrew Stanton,380.84,"Animation,Adventure,Comedy",100,8.1,923536.0
Finding Neverland,PG,2004,Marc Forster,51.68,"Biography,Drama,Family",106,7.7,195864.0
First Blood,R,1982,Ted Kotcheff,47.21,"Action,Adventure",93,7.7,220232.0
Fitzcarraldo,PG,1982,Werner Herzog,0,"Adventure,Drama",158,8.1,0.0
Flipped,PG,2010,Rob Reiner,1.75,"Comedy,Drama,Romance",90,7.7,79266.0
Ford v Ferrari,PG-13,2019,James Mangold,117.62,"Action,Biography,Drama",152,8.1,237712.0
Forrest Gump,PG-13,1994,Robert Zemeckis,330.25,"Drama,Romance",142,8.8,1744623.0
The Salesman,PG-13,2016,Asghar Farhadi,2.40,"Drama,Thriller",124,7.8,48077.0
Fried Green Tomatoes,PG-13,1991,Jon Avnet,82.42,Drama,130,7.7,65059.0
Frost/Nixon,R,2008,Ron Howard,18.59,"Biography,Drama,History",122,7.7,100979.0
Full Metal Jacket,R,1987,Stanley Kubrick,46.36,"Drama,War",116,8.3,654202.0
Ponyo,G,2008,Hayao Miyazaki,15.09,"Animation,Adventure,Comedy",101,7.7,118869.0
Gandhi,PG,1982,Richard Attenborough,52.77,"Biography,Drama,History",191,8.0,214516.0
Gangs of Wasseypur,R,2012,Anurag Kashyap,0,"Action,Crime,Drama",321,8.2,0.0
Gattaca,PG-13,1997,Andrew Niccol,12.34,"Drama,Sci-Fi,Thriller",106,7.8,274514.0
Head-On,R,2004,Fatih Akin,0,"Drama,Romance",121,7.9,0.0
Get Out,R,2017,Jordan Peele,176.04,"Horror,Mystery,Thriller",104,7.7,467210.0
Ghostbusters,PG,1984,Ivan Reitman,238.63,"Action,Comedy,Fantasy",105,7.8,345370.0
Giant,G,1956,George Stevens,0,"Drama,Western",201,7.6,0.0
Gifted,PG-13,2017,Marc Webb,24.80,Drama,101,7.6,94818.0
Parasite,R,2019,Bong Joon Ho,53.37,"Comedy,Drama,Thriller",132,8.6,449801.0
Duck You Sucker,PG,1971,Sergio Leone,0.70,"Drama,War,Western",138,7.6,29010.0
Gladiator,R,2000,Ridley Scott,187.71,"Action,Adventure,Drama",155,8.5,1300523.0
Glengarry Glen Ross,R,1992,James Foley,10.73,"Crime,Drama,Mystery",100,7.7,93381.0
Glory,R,1989,Edward Zwick,26.83,"Biography,Drama,History",122,7.8,118225.0
Goldfinger,PG,1964,Guy Hamilton,51.08,"Action,Adventure,Thriller",110,7.7,168036.0
Gone Baby Gone,R,2007,Ben Affleck,20.30,"Crime,Drama,Mystery",114,7.6,244499.0
Gone Girl,R,2014,David Fincher,167.77,"Drama,Mystery,Thriller",149,8.1,827266.0
Gone with the Wind,Passed,1939,Victor Fleming,198.68,"Drama,History,Romance",238,8.1,281967.0
Good Bye Lenin!,R,2003,Wolfgang Becker,4.06,"Comedy,Drama,Romance",121,7.7,135199.0
Good Will Hunting,R,1997,Gus Van Sant,138.43,"Drama,Romance",126,8.3,832011.0
Goodfellas,R,1990,Martin Scorsese,46.84,"Biography,Crime,Drama",146,8.7,984885.0
Gran Torino,R,2008,Clint Eastwood,148.10,Drama,116,8.1,704130.0
Gravity,PG-13,2013,Alfonso Cuarón,274.09,"Drama,Sci-Fi,Thriller",91,7.7,752399.0
Green Book,PG-13,2018,Peter Farrelly,85.08,"Biography,Comedy,Drama",130,8.2,334704.0
Groundhog Day,PG,1993,Harold Ramis,70.91,"Comedy,Fantasy,Romance",101,8.0,567002.0
Guardians of the Galaxy,PG-13,2014,James Gunn,333.18,"Action,Adventure,Comedy",121,8.0,1018874.0
Guardians of the Galaxy Vol. 2,PG-13,2017,James Gunn,389.81,"Action,Adventure,Comedy",136,7.6,545778.0
Talk to Her,R,2002,Pedro Almodóvar,9.28,"Drama,Mystery,Romance",112,7.9,102325.0
Hachi: A Dog's Tale,G,2009,Lasse Hallström,0,"Drama,Family",93,8.1,0.0
Hacksaw Ridge,R,2016,Mel Gibson,67.21,"Biography,Drama,History",139,8.1,414333.0
Halloween,R,1978,John Carpenter,47.00,"Horror,Thriller",91,7.8,221198.0
Hamilton,PG-13,2020,Thomas Kail,0,"Biography,Drama,History",160,8.9,0.0
Hamlet,PG-13,1996,Kenneth Branagh,4.41,Drama,242,7.7,35421.0
Fireworks,103 min,1997,Takeshi Kitano,0.23,"Crime,Drama,Romance",103,7.8,26792.0
Hannah and Her Sisters,PG-13,1986,Woody Allen,40.08,"Comedy,Drama",107,7.9,65371.0
Harold and Maude,PG,1971,Hal Ashby,0,"Comedy,Drama,Romance",91,7.9,0.0
Harry Potter and the Deathly Hallows: Part 1,PG-13,2010,David Yates,295.98,"Adventure,Family,Fantasy",146,7.7,460134.0
Harry Potter and the Deathly Hallows: Part 2,PG-13,2011,David Yates,381.01,"Adventure,Drama,Fantasy",130,8.1,739017.0
Harry Potter and the Goblet of Fire,PG-13,2005,Mike Newell,290.01,"Adventure,Family,Fantasy",157,7.7,527181.0
Harry Potter and the Half-Blood Prince,PG,2009,David Yates,301.96,"Action,Adventure,Family",153,7.6,454922.0
Harry Potter and the Prisoner of Azkaban,PG,2004,Alfonso Cuarón,249.36,"Adventure,Family,Fantasy",142,7.9,529675.0
Harry Potter and the Sorcerer's Stone,PG,2001,Chris Columbus,317.58,"Adventure,Family,Fantasy",152,7.6,620370.0
Howl's Moving Castle,PG,2004,Hayao Miyazaki,4.71,"Animation,Adventure,Family",119,8.2,315369.0
Heat,R,1995,Michael Mann,67.44,"Crime,Drama,Thriller",170,8.2,558857.0
Hedwig and the Angry Inch,R,2001,John Cameron Mitchell,3.03,"Comedy,Drama,Music",95,7.7,31330.0
Hell or High Water,R,2016,David Mackenzie,26.86,"Action,Crime,Drama",102,7.6,196478.0
Her,R,2013,Spike Jonze,25.57,"Drama,Romance,Sci-Fi",126,8.0,519738.0
Hidden Figures,PG,2016,Theodore Melfi,169.61,"Biography,Drama,History",127,7.8,191713.0
High Noon,PG,1952,Fred Zinnemann,9.45,"Drama,Thriller,Western",85,7.9,95171.0
Home Alone,PG,1990,Chris Columbus,285.76,"Comedy,Family",103,7.6,449476.0
Hot Fuzz,R,2007,Edgar Wright,23.64,"Action,Comedy,Mystery",121,7.8,451340.0
Hotel Rwanda,PG-13,2004,Terry George,23.53,"Biography,Drama,History",121,8.1,327936.0
How to Train Your Dragon,PG,2010,Dean DeBlois,217.58,"Animation,Action,Adventure",98,8.1,648287.0
How to Train Your Dragon 2,PG,2014,Dean DeBlois,177.00,"Animation,Action,Adventure",102,7.8,297007.0
Hunt for the Wilderpeople,PG-13,2016,Taika Waititi,5.20,"Adventure,Comedy,Drama",101,7.9,103331.0
Fearless,PG-13,2006,Ronny Yu,24.63,"Action,Biography,Drama",104,7.6,71858.0
In a Better World,R,2010,Susanne Bier,1.01,"Drama,Romance",118,7.6,37874.0
I Am Sam,PG-13,2001,Jessie Nelson,40.31,Drama,132,7.7,140704.0
"I, Daniel Blake",R,2016,Ken Loach,0.26,Drama,100,7.9,51045.0
"The Good, the Bad and the Ugly",R,1966,Sergio Leone,6.10,Western,178,8.8,668426.0
The Conformist,R,1970,Bernardo Bertolucci,0.54,Drama,113,8.0,25825.0
Il Postino,PG,1994,Michael Radford,21.85,"Biography,Comedy,Drama",108,7.7,32658.0
In America,PG-13,2002,Jim Sheridan,15.54,Drama,105,7.7,39981.0
In Bruges,R,2008,Martin McDonagh,7.76,"Comedy,Crime,Drama",107,7.9,381958.0
In the Name of the Father,R,1993,Jim Sheridan,25.01,"Biography,Drama",133,8.1,151712.0
Incendies,R,2010,Denis Villeneuve,6.86,"Drama,Mystery,War",131,8.3,140738.0
Inception,PG-13,2010,Christopher Nolan,292.58,"Action,Adventure,Sci-Fi",148,8.8,1986168.0
Incredibles 2,PG,2018,Brad Bird,608.58,"Animation,Action,Adventure",118,7.6,237099.0
Indiana Jones and the Last Crusade,PG-13,1989,Steven Spielberg,197.17,"Action,Adventure",127,8.2,673470.0
Indiana Jones and the Temple of Doom,PG,1984,Steven Spielberg,179.87,"Action,Adventure",118,7.6,435490.0
Inglourious Basterds,R,2009,Quentin Tarantino,120.54,"Adventure,Drama,War",153,8.3,1222057.0
Inside Man,R,2006,Spike Lee,88.51,"Crime,Drama,Mystery",129,7.6,329954.0
Inside Out,PG,2015,Pete Docter,356.46,"Animation,Adventure,Comedy",95,8.1,588384.0
Interstate 60: Episodes of the Road,R,2002,Bob Gale,0,"Adventure,Comedy,Drama",116,7.7,0.0
Interstellar,PG-13,2014,Christopher Nolan,188.02,"Adventure,Drama,Sci-Fi",169,8.6,1434782.0
Into the Wild,R,2007,Sean Penn,18.35,"Adventure,Biography,Drama",148,8.1,557653.0
The Intouchables,R,2011,Olivier Nakache,13.18,"Biography,Comedy,Drama",112,8.5,732436.0
Iron Man,PG-13,2008,Jon Favreau,318.41,"Action,Adventure,Sci-Fi",126,7.9,916939.0
Isle of Dogs,PG-13,2018,Wes Anderson,32.02,"Animation,Adventure,Comedy",101,7.9,131210.0
JFK,R,1991,Oliver Stone,70.41,"Drama,History,Thriller",189,8.0,137696.0
The Hunt,R,2012,Thomas Vinterberg,0.69,Drama,115,8.3,267229.0
Jaws,PG,1975,Steven Spielberg,260.00,"Adventure,Thriller",124,8.0,533205.0
Love Me If You Dare,R,2003,Yann Samuell,0.55,"Comedy,Drama,Romance",93,7.6,66135.0
A Separation,PG-13,2011,Asghar Farhadi,7.10,Drama,123,8.3,212800.0
Jojo Rabbit,PG-13,2019,Taika Waititi,0.35,"Comedy,Drama,War",108,7.9,238358.0
Joker,R,2019,Todd Phillips,335.45,"Crime,Drama,Thriller",122,8.5,830072.0
Joyeux Noel,PG-13,2005,Christian Carion,1.05,"Drama,History,Music",116,7.7,27047.0
Jurassic Park,PG-13,1993,Steven Spielberg,402.45,"Action,Adventure,Sci-Fi",127,8.1,838810.0
Kagemusha,PG,1980,Akira Kurosawa,0,"Drama,History,War",162,8.0,0.0
The Tale of The Princess Kaguya,PG,2013,Isao Takahata,1.51,"Animation,Adventure,Drama",137,8.0,35711.0
The Secret World of Arrietty,G,2010,Hiromasa Yonebayashi,19.20,"Animation,Adventure,Family",94,7.6,76705.0
Nausicaä of the Valley of the Wind,PG,1984,Hayao Miyazaki,0.50,"Animation,Adventure,Fantasy",117,8.1,143426.0
The Wind Rises,PG-13,2013,Hayao Miyazaki,5.21,"Animation,Biography,Drama",126,7.8,69217.0
Kick-Ass,R,2010,Matthew Vaughn,48.07,"Action,Comedy,Crime",117,7.6,516238.0
Kill Bill: Vol. 1,R,2003,Quentin Tarantino,70.10,"Action,Crime,Thriller",111,8.1,972159.0
Kill Bill: Vol. 2,R,2004,Quentin Tarantino,66.21,"Action,Crime,Thriller",137,8.0,664746.0
Your Name.,PG,2016,Makoto Shinkai,5.02,"Animation,Drama,Fantasy",106,8.4,174506.0
Kingsman: The Secret Service,R,2014,Matthew Vaughn,128.26,"Action,Adventure,Comedy",129,7.7,576774.0
Klaus,PG,2019,Sergio Pablos,0,"Animation,Adventure,Comedy",96,8.2,0.0
Knives Out,PG-13,2019,Rian Johnson,165.36,"Comedy,Crime,Drama",130,7.9,350645.0
Kramer vs. Kramer,PG,1979,Robert Benton,106.26,Drama,105,7.8,128573.0
Kubo and the Two Strings,PG,2016,Travis Knight,48.02,"Animation,Action,Adventure",101,7.8,114337.0
Kung Fu Hustle,R,2004,Stephen Chow,17.11,"Action,Comedy,Fantasy",99,7.7,124101.0
Porco Rosso,PG,1992,Hayao Miyazaki,0,"Animation,Adventure,Comedy",94,7.7,0.0
L.A. Confidential,R,1997,Curtis Hanson,64.62,"Crime,Drama,Mystery",138,8.2,519173.0
La La Land,PG-13,2016,Damien Chazelle,151.10,"Comedy,Drama,Music",128,8.0,484289.0
La Vie En Rose,PG-13,2007,Olivier Dahan,10.30,"Biography,Drama,Music",140,7.6,81077.0
The Double Life of Véronique,R,1991,Krzysztof Kieslowski,2.00,"Drama,Fantasy,Music",98,7.8,40064.0
La leggenda del pianista sull'oceano,R,1998,Giuseppe Tornatore,0.26,"Drama,Music,Romance",169,8.1,57024.0
The Best Offer,R,2013,Giuseppe Tornatore,0.09,"Crime,Drama,Mystery",131,7.8,104550.0
The Holy Mountain,R,1973,Alejandro Jodorowsky,0.06,"Adventure,Drama,Fantasy",114,7.9,35058.0
The Skin I Live In,R,2011,Pedro Almodóvar,3.19,"Drama,Horror,Thriller",120,7.6,134128.0
Blue Is the Warmest Colour,NC-17,2013,Abdellatif Kechiche,2.20,"Drama,Romance",180,7.7,134484.0
Life Is Beautiful,PG-13,1997,Roberto Benigni,57.60,"Comedy,Drama,Romance",116,8.6,601717.0
Lagaan: Once Upon a Time in India,PG,2001,Ashutosh Gowariker,0.07,"Adventure,Drama,Musical",224,8.1,101629.0
Lage Raho Munna Bhai,PG-13,2006,Rajkumar Hirani,2.22,"Comedy,Drama,Romance",144,8.1,41582.0
Hard Boiled,R,1992,John Woo,0,"Action,Crime,Thriller",128,7.8,0.0
Lawrence of Arabia,Approved,1962,David Lean,44.82,"Adventure,Biography,Drama",228,8.3,259924.0
Le Petit Prince,PG,2015,Mark Osborne,1.34,"Animation,Adventure,Drama",108,7.7,54661.0
The Discreet Charm of the Bourgeoisie,PG,1972,Luis Buñuel,0.20,Comedy,102,7.9,37070.0
Le Dîner de Cons,PG-13,1998,Francis Veber,4.07,Comedy,80,7.7,36441.0
Amélie,R,2001,Jean-Pierre Jeunet,33.23,"Comedy,Romance",122,8.3,687643.0
The Tenant,R,1976,Roman Polanski,1.92,"Drama,Thriller",126,7.7,38087.0
The Past,PG-13,2013,Asghar Farhadi,1.33,"Drama,Mystery",130,7.8,43894.0
The Diving Bell and the Butterfly,PG-13,2007,Julian Schnabel,5.99,"Biography,Drama",112,8.0,101689.0
The Chorus,PG-13,2004,Christophe Barratier,3.64,"Drama,Music",97,7.9,55935.0
The Triplets of Belleville,PG-13,2003,Sylvain Chomet,7.00,"Animation,Comedy,Drama",80,7.8,49792.0
Lethal Weapon,R,1987,Richard Donner,65.21,"Action,Crime,Thriller",109,7.6,231387.0
Letters from Iwo Jima,R,2006,Clint Eastwood,13.76,"Action,Adventure,Drama",141,7.9,151647.0
Leviathan,R,2014,Andrey Zvyagintsev,1.09,"Crime,Drama",140,7.6,47641.0
Monty Python's Life of Brian,R,1979,Terry Jones,20.05,Comedy,94,8.1,357297.0
Life of Pi,PG,2012,Ang Lee,124.99,"Adventure,Drama,Fantasy",127,7.9,567857.0
Lilya 4-Ever,R,2002,Lukas Moodysson,0.18,"Crime,Drama",109,7.8,41600.0
Lion,PG-13,2016,Garth Davis,51.74,"Biography,Drama",118,8.0,204936.0
Little Miss Sunshine,R,2006,Jonathan Dayton,59.89,"Comedy,Drama",101,7.8,429801.0
Little Women,PG,2019,Greta Gerwig,108.10,"Drama,Romance",135,7.9,115959.0
"Lock, Stock and Two Smoking Barrels",R,1998,Guy Ritchie,3.90,"Action,Comedy,Crime",107,8.2,521883.0
Logan,R,2017,James Mangold,226.28,"Action,Drama,Sci-Fi",137,8.1,622748.0
Run Lola Run,R,1998,Tom Tykwer,7.27,"Crime,Drama,Thriller",80,7.6,185318.0
Lord of War,R,2005,Andrew Niccol,24.15,"Action,Crime,Drama",122,7.6,288931.0
Lost Highway,R,1997,David Lynch,3.80,"Mystery,Thriller",134,7.6,126880.0
Lost in Translation,R,2003,Sofia Coppola,44.59,"Comedy,Drama",102,7.7,400500.0
Love Actually,R,2003,Richard Curtis,59.70,"Comedy,Drama,Romance",135,7.6,414308.0
Love and Death,PG,1975,Woody Allen,0,"Comedy,War",85,7.7,0.0
Loving Vincent,PG-13,2017,Dorota Kobiela,6.74,"Animation,Biography,Crime",94,7.8,47715.0
Lucky Number Slevin,R,2006,Paul McGuigan,22.49,"Crime,Drama,Mystery",110,7.7,296097.0
Let the Right One In,R,2008,Tomas Alfredson,2.12,"Crime,Drama,Fantasy",114,7.9,201992.0
Léon: The Professional,R,1994,Luc Besson,19.50,"Action,Crime,Drama",110,8.5,1001567.0
Mad Max 2: The Road Warrior,R,1981,George Miller,12.47,"Action,Adventure,Sci-Fi",96,7.6,162696.0
Mad Max: Fury Road,R,2015,George Miller,154.06,"Action,Adventure,Sci-Fi",120,8.1,850144.0
Mother,R,2009,Bong Joon Ho,0.55,"Crime,Drama,Thriller",129,7.8,48086.0
Magnolia,R,1999,Paul Thomas Anderson,22.46,Drama,188,8.0,283410.0
Kiki's Delivery Service,G,1989,Hayao Miyazaki,0,"Animation,Adventure,Drama",103,7.8,0.0
Malcolm X,PG-13,1992,Spike Lee,48.17,"Biography,Drama,History",202,7.7,82816.0
Man on Fire,R,2004,Tony Scott,77.91,"Action,Crime,Drama",146,7.7,322491.0
Shoplifters,R,2018,Hirokazu Koreeda,3.31,"Crime,Drama",121,8.0,55153.0
Manchester by the Sea,R,2016,Kenneth Lonergan,47.70,Drama,137,7.8,236617.0
Manhattan,R,1979,Woody Allen,45.70,"Comedy,Drama,Romance",96,7.9,128560.0
The Sea Inside,PG-13,2004,Alejandro Amenábar,2.09,"Biography,Drama",126,8.0,75986.0
Marriage Story,R,2019,Noah Baumbach,0,"Comedy,Drama,Romance",137,8.0,0.0
Mary Poppins,G,1964,Robert Stevenson,102.27,"Comedy,Family,Fantasy",139,7.8,153549.0
Match Point,R,2005,Woody Allen,23.09,"Drama,Romance,Thriller",124,7.6,202047.0
Me and Earl and the Dying Girl,PG-13,2015,Alfonso Gomez-Rejon,6.74,"Comedy,Drama",105,7.7,119971.0
Memento,R,2000,Christopher Nolan,25.54,"Mystery,Thriller",113,8.4,1092169.0
Midnight Cowboy,R,1969,John Schlesinger,44.79,Drama,113,7.8,98052.0
Midnight Express,R,1978,Alan Parker,35.00,"Biography,Crime,Drama",121,7.6,71258.0
Midnight in Paris,PG-13,2011,Woody Allen,56.82,"Comedy,Fantasy,Romance",94,7.7,377617.0
Miller's Crossing,R,1990,Joel Coen,5.08,"Crime,Drama,Thriller",115,7.7,123300.0
Million Dollar Baby,PG-13,2004,Clint Eastwood,100.49,"Drama,Sport",132,8.1,620192.0
Whisper of the Heart,G,1995,Yoshifumi Kondô,0,"Animation,Drama,Family",111,7.9,0.0
Minority Report,PG-13,2002,Steven Spielberg,132.07,"Action,Crime,Mystery",145,7.6,496390.0
Misery,R,1990,Rob Reiner,61.28,"Drama,Thriller",107,7.8,178026.0
Mission: Impossible - Fallout,PG-13,2018,Christopher McQuarrie,220.16,"Action,Adventure,Thriller",147,7.7,277899.0
Mississippi Burning,R,1988,Alan Parker,34.60,"Crime,Drama,History",128,7.8,84824.0
Moana,PG,2016,Ron Clements,248.76,"Animation,Adventure,Comedy",107,7.6,257842.0
Modern Times,G,1936,Charles Chaplin,0.16,"Comedy,Drama,Family",87,8.5,209569.0
Mommy,R,2014,Xavier Dolan,3.49,Drama,139,8.1,48230.0
Moneyball,PG-13,2011,Bennett Miller,75.61,"Biography,Drama,Sport",133,7.6,351638.0
Princess Mononoke,PG-13,1997,Hayao Miyazaki,2.38,"Animation,Adventure,Fantasy",134,8.4,327719.0
"Monsters, Inc.",G,2001,Pete Docter,289.92,"Animation,Adventure,Comedy",92,8.0,791056.0
Monty Python and the Holy Grail,PG,1975,Terry Gilliam,1.23,"Adventure,Comedy,Fantasy",91,8.2,489335.0
Moon,R,2009,Duncan Jones,5.01,"Drama,Mystery,Sci-Fi",97,7.9,328177.0
Moonrise Kingdom,PG-13,2012,Wes Anderson,45.51,"Comedy,Drama,Romance",94,7.8,309907.0
Infernal Affairs,R,2002,Andrew Lau,0.17,"Action,Crime,Drama",101,8.0,115975.0
Mr. Nobody,R,2009,Jaco Van Dormael,0.00,"Drama,Fantasy,Romance",141,7.8,210696.0
Mulan,G,1998,Tony Bancroft,120.62,"Animation,Adventure,Family",88,7.6,242720.0
Mulholland Dr.,R,2001,David Lynch,7.22,"Drama,Mystery,Thriller",147,8.0,310665.0
Mustang,PG-13,2015,Deniz Gamze Ergüven,0.85,Drama,97,7.6,34273.0
My Cousin Vinny,R,1992,Jonathan Lynn,52.93,"Comedy,Crime",120,7.6,103186.0
My Fair Lady,G,1964,George Cukor,72.00,"Drama,Family,Musical",170,7.8,84362.0
My Left Foot,R,1989,Jim Sheridan,14.74,"Biography,Drama",103,7.9,65792.0
My Name Is Khan,PG-13,2010,Karan Johar,4.02,Drama,165,8.0,96012.0
Mystic River,R,2003,Clint Eastwood,90.14,"Crime,Drama,Mystery",138,7.9,409616.0
The Girl with the Dragon Tattoo,R,2009,Niels Arden Oplev,10.10,"Crime,Drama,Mystery",152,7.8,205460.0
National Lampoon's Christmas Vacation,PG-13,1989,Jeremiah S. Chechik,71.32,Comedy,97,7.6,147961.0
Nebraska,R,2013,Alexander Payne,17.65,"Adventure,Comedy,Drama",115,7.7,110184.0
Loveless,R,2017,Andrey Zvyagintsev,0.57,Drama,127,7.6,28047.0
Network,R,1976,Sidney Lumet,0,Drama,121,8.1,0.0
Night on Earth,R,1991,Jim Jarmusch,2.02,"Comedy,Drama",129,7.8,53730.0
Nightcrawler,R,2014,Dan Gilroy,32.38,"Crime,Drama,Thriller",117,7.9,444855.0
No Country for Old Men,R,2007,Ethan Coen,74.28,"Crime,Drama,Thriller",122,8.1,825195.0
No Man's Land,R,2001,Danis Tanovic,1.06,"Comedy,Drama,War",98,7.9,43821.0
Nine Queens,R,2000,Fabián Bielinsky,1.22,"Crime,Drama,Thriller",114,7.9,48538.0
Cinema Paradiso,R,1988,Giuseppe Tornatore,11.99,Drama,155,8.5,221049.0
"O Brother, Where Art Thou?",PG-13,2000,Joel Coen,45.51,"Adventure,Comedy,Crime",107,7.7,277854.0
Ocean's Eleven,PG-13,2001,Steven Soderbergh,183.42,"Crime,Thriller",116,7.7,501791.0
October Sky,PG,1999,Joe Johnston,32.48,"Biography,Drama,Family",108,7.8,79809.0
Office Space,R,1999,Mike Judge,10.82,Comedy,89,7.7,236735.0
Departures,PG-13,2008,Yôjirô Takita,1.50,"Drama,Music",130,8.1,47421.0
Oldboy,R,2003,Chan-wook Park,0.71,"Action,Drama,Mystery",120,8.4,497765.0
When Marnie Was There,PG,2014,James Simone,0.77,"Animation,Drama,Family",103,7.7,29938.0
On Golden Pond,PG,1981,Mark Rydell,119.29,Drama,109,7.6,26858.0
Once,R,2007,John Carney,9.44,"Drama,Music,Romance",86,7.8,108744.0
Once Upon a Time in America,R,1984,Sergio Leone,5.32,"Crime,Drama",229,8.4,300184.0
Once Upon a Time... in Hollywood,R,2019,Quentin Tarantino,142.50,"Comedy,Drama",161,7.7,493266.0
Once Were Warriors,R,1994,Lee Tamahori,2.20,"Crime,Drama",102,7.9,30791.0
One Flew Over the Cuckoo's Nest,R,1975,Milos Forman,112.00,Drama,133,8.7,886288.0
Only the Brave,PG-13,2017,Joseph Kosinski,18.34,"Action,Biography,Drama",134,7.6,54308.0
Ookami kodomo no Ame to Yuki,PG,2012,Mamoru Hosoda,0,"Animation,Drama,Family",117,8.1,0.0
Ordinary People,R,1980,Robert Redford,54.80,Drama,124,7.7,45372.0
Paddington 2,PG,2017,Paul King,40.44,"Adventure,Comedy,Family",103,7.8,57350.0
Paper Moon,PG,1973,Peter Bogdanovich,30.93,"Comedy,Drama",102,8.1,40974.0
Papillon,R,1973,Franklin J. Schaffner,53.27,"Biography,Crime,Drama",151,8.0,118724.0
Paprika,R,2006,Satoshi Kon,0.88,"Animation,Drama,Fantasy",90,7.7,67707.0
"Paris, Texas",R,1984,Wim Wenders,2.18,Drama,145,8.1,85268.0
Patton,GP,1970,Franklin J. Schaffner,61.70,"Biography,Drama,War",172,7.9,92054.0
For a Few Dollars More,R,1965,Sergio Leone,15.00,Western,132,8.3,224161.0
A Fistful of Dollars,R,1964,Sergio Leone,14.50,"Action,Drama,Western",99,8.0,190937.0
Persepolis,PG-13,2007,Vincent Paronnaud,4.45,"Animation,Biography,Drama",96,8.0,86623.0
Philadelphia,PG-13,1993,Jonathan Demme,77.32,Drama,125,7.7,218620.0
Philomena,PG-13,2013,Stephen Frears,37.71,"Biography,Comedy,Drama",98,7.6,92460.0
Pink Floyd: The Wall,R,1982,Alan Parker,22.24,"Fantasy,Music",95,8.1,74289.0
Pirates of the Caribbean: The Curse of the Black Pearl,PG-13,2003,Gore Verbinski,305.41,"Action,Adventure,Fantasy",143,8.0,998293.0
"Planes, Trains & Automobiles",R,1987,John Hughes,49.53,"Comedy,Drama",93,7.6,118570.0
Planet of the Apes,G,1968,Franklin J. Schaffner,33.40,"Adventure,Sci-Fi",112,8.0,162249.0
Platoon,R,1986,Oliver Stone,138.53,"Drama,War",120,8.1,371522.0
Portrait of a Lady on Fire,R,2019,Céline Sciamma,0,"Drama,Romance",122,8.1,0.0
Predator,R,1987,John McTiernan,59.74,"Action,Adventure,Sci-Fi",107,7.8,363018.0
Pride,R,2014,Matthew Warchus,0,"Biography,Comedy,Drama",119,7.8,0.0
Pride & Prejudice,PG,2005,Joe Wright,38.41,"Drama,Romance",129,7.8,245265.0
Primal Fear,R,1996,Gregory Hoblit,56.12,"Crime,Drama,Mystery",129,7.7,179585.0
Prisoners,R,2013,Denis Villeneuve,61.00,"Crime,Drama,Mystery",153,8.1,576572.0
Psycho,R,1960,Alfred Hitchcock,32.00,"Horror,Mystery,Thriller",109,8.5,582398.0
Pulp Fiction,R,1994,Quentin Tarantino,107.93,"Crime,Drama",154,8.9,1770556.0
Perfect Blue,R,1997,Satoshi Kon,0.78,"Animation,Crime,Mystery",81,8.0,53000.0
Raging Bull,R,1980,Martin Scorsese,23.38,"Biography,Drama,Sport",129,8.2,311861.0
Raiders of the Lost Ark,PG,1981,Steven Spielberg,248.16,"Action,Adventure",115,8.4,861067.0
Rain Man,R,1988,Barry Levinson,178.80,Drama,133,8.0,462977.0
Ran,R,1985,Akira Kurosawa,4.14,"Action,Drama,War",162,8.2,107830.0
Ratatouille,G,2007,Brad Bird,206.45,"Animation,Adventure,Comedy",111,8.0,621450.0
Ray,PG-13,2004,Taylor Hackford,75.33,"Biography,Drama,Music",152,7.7,135519.0
Rear Window,PG,1954,Alfred Hitchcock,36.76,"Mystery,Thriller",112,8.4,429571.0
Rebel Without a Cause,PG-13,1955,Nicholas Ray,0,Drama,111,7.7,0.0
Wild Tales,R,2014,Damián Szifron,3.11,"Comedy,Drama,Thriller",122,8.1,168629.0
Remember the Titans,PG,2000,Boaz Yakin,115.65,"Biography,Drama,Sport",113,7.8,193397.0
Requiem for a Dream,R,2000,Darren Aronofsky,3.64,Drama,102,8.3,744502.0
Reservoir Dogs,R,1992,Quentin Tarantino,2.83,"Crime,Drama,Thriller",99,8.3,891648.0
Road to Perdition,R,2002,Sam Mendes,104.45,"Crime,Drama,Thriller",117,7.7,241501.0
Robin Hood,G,1973,Wolfgang Reitherman,32.06,"Animation,Adventure,Comedy",83,7.6,112102.0
Rocky,PG,1976,John G. Avildsen,117.24,"Drama,Sport",120,8.1,503652.0
Rogue One: A Star Wars Story,PG-13,2016,Gareth Edwards,532.18,"Action,Adventure,Sci-Fi",133,7.8,535491.0
Roma,R,2018,Alfonso Cuarón,0,Drama,135,7.7,0.0
Room,R,2015,Lenny Abrahamson,14.68,"Drama,Thriller",118,8.1,353805.0
Rope,Approved,1948,Alfred Hitchcock,0,"Crime,Drama,Mystery",80,8.0,0.0
Rosemary's Baby,R,1968,Roman Polanski,0,"Drama,Horror",137,8.0,0.0
Lupin the 3rd: Castle of Cagliostro,PG-13,1979,Hayao Miyazaki,0,"Animation,Adventure,Family",102,7.7,0.0
Rush,R,2013,Ron Howard,26.95,"Action,Biography,Drama",123,8.1,420403.0
Rushmore,R,1998,Wes Anderson,17.11,"Comedy,Drama,Romance",93,7.7,165083.0
Saving Private Ryan,R,1998,Steven Spielberg,216.54,"Drama,War",169,8.6,1196655.0
Saw,R,2004,James Wan,56.00,"Horror,Mystery",103,7.6,370363.0
Scarface,R,1983,Brian De Palma,45.60,"Crime,Drama",170,8.3,716705.0
Scent of a Woman,R,1992,Martin Brest,63.90,Drama,156,8.0,251056.0
Schindler's List,R,1993,Steven Spielberg,96.90,"Biography,Drama,History",195,8.9,1175982.0
Se7en,R,1995,David Fincher,100.13,"Crime,Drama,Mystery",127,8.6,1393120.0
Searching,PG-13,2018,Aneesh Chaganty,26.02,"Drama,Mystery,Thriller",102,7.6,128106.0
Secrets & Lies,R,1996,Mike Leigh,13.42,"Comedy,Drama",136,8.0,36023.0
Spirited Away,PG,2001,Hayao Miyazaki,10.06,"Animation,Adventure,Family",125,8.6,620635.0
Sense and Sensibility,PG,1995,Ang Lee,43.18,"Drama,Romance",136,7.6,98832.0
The Raid: Redemption,R,2011,Gareth Evans,4.11,"Action,Thriller",101,7.6,186291.0
The Raid 2,R,2014,Gareth Evans,2.63,"Action,Crime,Thriller",150,8.0,111476.0
Serenity,PG-13,2005,Joss Whedon,25.51,"Action,Adventure,Sci-Fi",119,7.8,279015.0
Serpico,R,1973,Sidney Lumet,29.80,"Biography,Crime,Drama",130,7.7,105755.0
Seven Pounds,PG-13,2008,Gabriele Muccino,69.95,Drama,123,7.6,281398.0
Shadow of a Doubt,PG,1943,Alfred Hitchcock,0,Thriller,108,7.8,0.0
Shaun of the Dead,R,2004,Edgar Wright,13.54,"Comedy,Horror",99,7.9,500008.0
Sherlock Holmes,PG-13,2009,Guy Ritchie,209.03,"Action,Adventure,Mystery",128,7.6,572071.0
Shine,PG-13,1996,Scott Hicks,35.81,"Biography,Drama,Music",105,7.7,50345.0
Short Cuts,R,1993,Robert Altman,6.11,"Comedy,Drama",188,7.7,41408.0
Short Term 12,R,2013,Destin Daniel Cretton,1.01,Drama,96,8.0,79035.0
Shrek,PG,2001,Andrew Adamson,267.67,"Animation,Adventure,Comedy",90,7.8,597398.0
Shutter Island,R,2010,Martin Scorsese,128.01,"Mystery,Thriller",138,8.2,1088631.0
Sicario,R,2015,Denis Villeneuve,46.89,"Action,Crime,Drama",121,7.6,357849.0
Silver Linings Playbook,R,2012,David O. Russell,132.09,"Comedy,Drama,Romance",122,7.7,648810.0
Sin City,R,2005,Frank Miller,74.10,"Crime,Thriller",124,8.0,731868.0
Sing Street,PG-13,2016,John Carney,3.24,"Comedy,Drama,Music",106,7.9,82179.0
Singin' in the Rain,G,1952,Stanley Donen,8.82,"Comedy,Musical,Romance",103,8.3,211830.0
Skyfall,PG-13,2012,Sam Mendes,304.36,"Action,Adventure,Thriller",143,7.7,618260.0
Sleepers,R,1996,Barry Levinson,49.10,"Crime,Drama,Thriller",147,7.6,183155.0
Sleuth,PG,1972,Joseph L. Mankiewicz,4.08,"Mystery,Thriller",138,8.0,43913.0
Sling Blade,R,1996,Billy Bob Thornton,24.48,Drama,135,8.0,85456.0
Slumdog Millionaire,R,2008,Danny Boyle,141.32,"Drama,Romance",120,8.0,783642.0
Snatch,R,2000,Guy Ritchie,30.33,"Comedy,Crime",102,8.3,762865.0
Snow White and the Seven Dwarfs,Approved,1937,William Cottrell,184.93,"Animation,Family,Fantasy",83,7.6,176256.0
Solaris,PG,1972,Andrei Tarkovsky,0,"Drama,Mystery,Sci-Fi",167,8.1,0.0
Song of the Sea,PG,2014,Tomm Moore,0.86,"Animation,Adventure,Drama",93,8.1,48796.0
"South Park: Bigger, Longer & Uncut",R,1999,Trey Parker,52.01,"Animation,Comedy,Fantasy",81,7.7,189341.0
Spartacus,PG-13,1960,Stanley Kubrick,30.00,"Adventure,Biography,Drama",197,7.9,121187.0
Spider-Man: Into the Spider-Verse,PG,2018,Bob Persichetti,190.24,"Animation,Action,Adventure",117,8.4,328915.0
Spotlight,R,2015,Tom McCarthy,45.06,"Biography,Crime,Drama",129,8.1,402971.0
Stand by Me,R,1986,Rob Reiner,52.29,"Adventure,Drama",89,8.1,353548.0
Star Trek,PG-13,2009,J.J. Abrams,257.73,"Action,Adventure,Sci-Fi",127,7.9,570549.0
Star Trek II: The Wrath of Khan,PG,1982,Nicholas Meyer,78.91,"Action,Adventure,Sci-Fi",113,7.7,110248.0
Star Trek Into Darkness,PG-13,2013,J.J. Abrams,228.78,"Action,Adventure,Sci-Fi",132,7.7,457438.0
Star Wars: Episode IV - A New Hope,PG,1977,George Lucas,322.74,"Action,Adventure,Fantasy",121,8.6,1198867.0
Star Wars: Episode V - The Empire Strikes Back,PG,1980,Irvin Kershner,290.48,"Action,Adventure,Fantasy",124,8.7,1126647.0
Star Wars: Episode VI - Return of the Jedi,PG,1983,Richard Marquand,309.13,"Action,Adventure,Fantasy",131,8.3,923719.0
Star Wars: Episode VII - The Force Awakens,PG-13,2015,J.J. Abrams,936.66,"Action,Adventure,Sci-Fi",138,7.9,842279.0
Stardust,PG-13,2007,Matthew Vaughn,38.63,"Adventure,Family,Fantasy",127,7.6,248969.0
Straight Outta Compton,R,2015,F. Gary Gray,161.20,"Biography,Drama,History",147,7.8,175314.0
Strangers on a Train,PG,1951,Alfred Hitchcock,7.63,"Crime,Film-Noir,Thriller",101,8.0,120416.0
Superbad,R,2007,Greg Mottola,121.46,Comedy,113,7.6,509167.0
"Synecdoche, New York",R,2008,Charlie Kaufman,3.08,"Comedy,Drama",124,7.6,78885.0
Taare Zameen Par,PG,2007,Aamir Khan,1.22,"Drama,Family",165,8.4,159791.0
Tae Guk Gi: The Brotherhood of War,R,2004,Je-kyu Kang,1.11,"Action,Drama,War",140,8.1,37218.0
Taken,PG-13,2008,Pierre Morel,145.00,"Action,Thriller",90,7.8,556404.0
Tangled,PG,2010,Nathan Greno,200.82,"Animation,Adventure,Comedy",100,7.7,394060.0
Taxi Driver,R,1976,Martin Scorsese,28.26,"Crime,Drama",114,8.3,698273.0
Castle in the Sky,PG,1986,Hayao Miyazaki,0,"Animation,Adventure,Drama",125,8.0,0.0
Terminator 2: Judgment Day,R,1991,James Cameron,204.84,"Action,Sci-Fi",137,8.5,970092.0
Thank You for Smoking,R,2005,Jason Reitman,24.79,"Comedy,Drama",92,7.6,210791.0
The Adventures of Robin Hood,PG,1938,Michael Curtiz,3.98,"Action,Adventure,Romance",102,7.9,46057.0
The African Queen,PG,1951,John Huston,0.54,"Adventure,Drama,Romance",105,7.7,69886.0
The Artist,PG-13,2011,Michel Hazanavicius,44.67,"Comedy,Drama,Romance",100,7.9,226471.0
The Avengers,PG-13,2012,Joss Whedon,623.28,"Action,Adventure,Sci-Fi",143,8.0,1237350.0
The Big Lebowski,R,1998,Joel Coen,17.50,"Comedy,Crime,Sport",117,8.1,708154.0
The Big Short,R,2015,Adam McKay,70.26,"Biography,Comedy,Drama",130,7.8,345767.0
The Birds,PG-13,1963,Alfred Hitchcock,11.40,"Drama,Horror,Mystery",119,7.7,166122.0
The Blind Side,PG-13,2009,John Lee Hancock,255.96,"Biography,Drama,Sport",129,7.6,284325.0
The Blues Brothers,R,1980,John Landis,57.23,"Adventure,Comedy,Crime",133,7.9,177705.0
The Boondock Saints,R,1999,Troy Duffy,0.03,"Action,Crime,Thriller",108,7.8,224042.0
The Bourne Identity,PG-13,2002,Doug Liman,121.66,"Action,Mystery,Thriller",119,7.9,496916.0
The Bourne Supremacy,PG-13,2004,Paul Greengrass,176.24,"Action,Mystery,Thriller",108,7.7,425486.0
The Bourne Ultimatum,PG-13,2007,Paul Greengrass,227.47,"Action,Mystery,Thriller",115,8.0,595991.0
The Boy in the Striped Pajamas,PG-13,2008,Mark Herman,9.03,"Drama,War",94,7.8,184821.0
The Breakfast Club,R,1985,John Hughes,45.88,"Comedy,Drama",97,7.9,345725.0
The Bridge on the River Kwai,PG,1957,David Lean,44.91,"Adventure,Drama,War",161,8.1,197608.0
The Bridges of Madison County,PG-13,1995,Clint Eastwood,71.52,"Drama,Romance",135,7.6,70680.0
The Butterfly Effect,R,2004,Eric Bress,57.94,"Drama,Sci-Fi,Thriller",113,7.6,442533.0
The Circus,Passed,1928,Charles Chaplin,0,"Comedy,Romance",72,8.1,0.0
The Color Purple,PG-13,1985,Steven Spielberg,98.47,Drama,154,7.8,75970.0
The Conversation,PG,1974,Francis Ford Coppola,4.42,"Drama,Mystery,Thriller",113,7.8,94867.0
The Count of Monte Cristo,PG-13,2002,Kevin Reynolds,54.23,"Action,Adventure,Drama",131,7.8,126314.0
The Crow,R,1994,Alex Proyas,50.69,"Action,Drama,Fantasy",102,7.6,162925.0
The Curious Case of Benjamin Button,PG-13,2008,David Fincher,127.51,"Drama,Fantasy,Romance",166,7.8,573146.0
The Dark Knight,PG-13,2008,Christopher Nolan,534.86,"Action,Crime,Drama",152,9.0,2228333.0
The Dark Knight Rises,PG-13,2012,Christopher Nolan,448.14,"Action,Adventure",164,8.4,1472682.0
The Day of the Jackal,PG,1973,Fred Zinnemann,16.06,"Crime,Drama,Thriller",143,7.8,36337.0
The Day the Earth Stood Still,G,1951,Robert Wise,0,"Drama,Sci-Fi",92,7.7,0.0
The Deer Hunter,R,1978,Michael Cimino,48.98,"Drama,War",183,8.1,302613.0
The Departed,R,2006,Martin Scorsese,132.38,"Crime,Drama,Thriller",151,8.5,1153008.0
The Elephant Man,PG,1980,David Lynch,0,"Biography,Drama",124,8.1,0.0
The Exorcist,R,1973,William Friedkin,232.91,Horror,122,8.0,352599.0
The Fall,R,2006,Tarsem Singh,2.28,"Adventure,Drama,Fantasy",117,7.9,105471.0
The Farewell,PG,2019,Lulu Wang,16.88,"Comedy,Drama",100,7.6,42864.0
The Fault in Our Stars,PG-13,2014,Josh Boone,124.87,"Drama,Romance",126,7.7,334801.0
The Fifth Element,PG-13,1997,Luc Besson,63.54,"Action,Adventure,Sci-Fi",126,7.7,424107.0
The Fighter,R,2010,David O. Russell,93.62,"Biography,Drama,Sport",116,7.8,332683.0
The Florida Project,R,2017,Sean Baker,5.90,Drama,111,7.6,88320.0
The Fly,R,1986,David Cronenberg,40.46,"Drama,Horror,Sci-Fi",96,7.6,154620.0
The French Connection,R,1971,William Friedkin,15.63,"Action,Crime,Drama",104,7.7,106657.0
The Fugitive,PG-13,1993,Andrew Davis,183.88,"Action,Crime,Drama",130,7.8,260600.0
The Game,R,1997,David Fincher,48.32,"Drama,Mystery,Thriller",129,7.8,334746.0
The Gentlemen,R,2019,Guy Ritchie,0,"Action,Comedy,Crime",113,7.9,0.0
The Girl with the Dragon Tattoo,R,2011,David Fincher,102.52,"Crime,Drama,Mystery",158,7.8,409662.0
The Godfather,R,1972,Francis Ford Coppola,134.97,"Crime,Drama",175,9.2,1561709.0
The Godfather: Part II,R,1974,Francis Ford Coppola,57.30,"Crime,Drama",202,9.0,1091511.0
The Godfather: Part III,R,1990,Francis Ford Coppola,66.67,"Crime,Drama",162,7.6,348344.0
The Goonies,PG,1985,Richard Donner,61.50,"Adventure,Comedy,Family",114,7.8,235101.0
The Graduate,PG,1967,Mike Nichols,104.95,"Comedy,Drama,Romance",106,8.0,248837.0
The Grand Budapest Hotel,R,2014,Wes Anderson,59.10,"Adventure,Comedy,Crime",99,8.1,683342.0
The Great Dictator,Passed,1940,Charles Chaplin,0.29,"Comedy,Drama,War",125,8.4,195936.0
The Green Mile,R,1999,Frank Darabont,136.80,"Crime,Drama,Fantasy",189,8.6,1104919.0
The Hangover,R,2009,Todd Phillips,277.32,Comedy,100,7.7,703295.0
The Hateful Eight,R,2015,Quentin Tarantino,54.12,"Crime,Drama,Mystery",168,7.8,495200.0
The Help,PG-13,2011,Tate Taylor,169.71,Drama,146,8.0,417553.0
The Hobbit: An Unexpected Journey,PG-13,2012,Peter Jackson,303.00,"Adventure,Family,Fantasy",169,7.8,744042.0
The Hobbit: The Desolation of Smaug,PG-13,2013,Peter Jackson,258.37,"Adventure,Fantasy",161,7.8,588938.0
The Hunt for Red October,PG,1990,John McTiernan,122.01,"Action,Adventure,Thriller",135,7.6,174051.0
The Hurricane,R,1999,Norman Jewison,50.67,"Biography,Drama,Sport",146,7.6,89808.0
The Hurt Locker,R,2008,Kathryn Bigelow,17.02,"Drama,Thriller,War",131,7.6,412471.0
The Illusionist,PG-13,2006,Neil Burger,39.87,"Drama,Fantasy,History",110,7.6,349511.0
The Imitation Game,PG-13,2014,Morten Tyldum,91.13,"Biography,Drama,Thriller",114,8.0,663653.0
The Incredibles,PG,2004,Brad Bird,261.44,"Animation,Action,Adventure",115,8.0,639893.0
The Insider,R,1999,Michael Mann,28.97,"Biography,Drama,Thriller",157,7.8,156375.0
The Irishman,R,2019,Martin Scorsese,0,"Biography,Crime,Drama",209,7.9,0.0
The Iron Giant,PG,1999,Brad Bird,23.16,"Animation,Action,Adventure",86,8.0,167370.0
The Jungle Book,G,1967,Wolfgang Reitherman,141.84,"Animation,Adventure,Family",78,7.6,161561.0
The Killing Fields,R,1984,Roland Joffé,34.70,"Biography,Drama,History",141,7.8,50155.0
The King of Comedy,PG,1982,Martin Scorsese,2.50,"Comedy,Crime,Drama",109,7.8,83235.0
The King's Speech,R,2010,Tom Hooper,138.80,"Biography,Drama,History",118,8.0,625709.0
The Last Emperor,PG-13,1987,Bernardo Bertolucci,43.98,"Biography,Drama,History",163,7.7,91234.0
The Last King of Scotland,R,2006,Kevin Macdonald,17.61,"Biography,Drama,History",123,7.7,172256.0
The Last Picture Show,R,1971,Peter Bogdanovich,29.13,"Drama,Romance",118,8.0,40934.0
The Last Samurai,R,2003,Edward Zwick,111.11,"Action,Drama,War",154,7.7,389909.0
The Last of the Mohicans,R,1992,Michael Mann,75.51,"Action,Adventure,Drama",112,7.7,144790.0
The Lego Movie,PG,2014,Christopher Miller,257.76,"Animation,Action,Adventure",100,7.7,318213.0
The Lighthouse,R,2019,Robert Eggers,0.43,"Drama,Fantasy,Horror",109,7.6,113899.0
The Lion King,G,1994,Roger Allers,422.78,"Animation,Adventure,Drama",88,8.5,911926.0
The Lion in Winter,PG,1968,Anthony Harvey,22.28,"Biography,Drama,History",134,7.9,28312.0
The Little Mermaid,G,1989,Ron Clements,111.54,"Animation,Family,Fantasy",83,7.6,230394.0
The Longest Day,G,1962,Ken Annakin,39.10,"Action,Drama,History",178,7.8,51243.0
The Lord of the Rings: The Fellowship of the Ring,PG-13,2001,Peter Jackson,315.54,"Action,Adventure,Drama",178,8.8,1611808.0
The Lord of the Rings: The Return of the King,PG-13,2003,Peter Jackson,377.85,"Adventure,Drama,Fantasy",201,8.9,1596329.0
The Lord of the Rings: The Two Towers,PG-13,2002,Peter Jackson,342.55,"Adventure,Drama,Fantasy",179,8.7,1442473.0
The Lunchbox,PG,2013,Ritesh Batra,4.23,"Drama,Romance",104,7.8,48330.0
The Machinist,R,2004,Brad Anderson,1.08,"Drama,Thriller",101,7.7,349216.0
The Magdalene Sisters,R,2002,Peter Mullan,4.89,Drama,114,7.7,25527.0
The Man Who Would Be King,PG,1975,John Huston,0,"Adventure,History,War",129,7.8,0.0
The Manchurian Candidate,PG-13,1962,John Frankenheimer,0,"Drama,Thriller",126,7.9,0.0
The Martian,PG-13,2015,Ridley Scott,228.43,"Adventure,Drama,Sci-Fi",144,8.0,736366.0
The Matrix,R,1999,Lana Wachowski,171.48,"Action,Sci-Fi",136,8.7,1622796.0
The Message,PG,1976,Moustapha Akkad,0,"Biography,Drama,History",177,8.2,0.0
The Muppet Christmas Carol,G,1992,Brian Henson,27.28,"Comedy,Drama,Family",85,7.7,46228.0
The Muppet Movie,G,1979,James Frawley,76.66,"Adventure,Comedy,Family",95,7.6,31674.0
The Naked Gun: From the Files of Police Squad!,PG-13,1988,David Zucker,78.76,"Comedy,Crime",85,7.6,147084.0
The Nightmare Before Christmas,PG,1993,Henry Selick,75.08,"Animation,Family,Fantasy",76,8.0,284088.0
The Notebook,PG-13,2004,Nick Cassavetes,81.00,"Drama,Romance",123,7.8,504813.0
The Odd Couple,G,1968,Gene Saks,44.53,Comedy,105,7.7,30692.0
The Others,PG-13,2001,Alejandro Amenábar,96.52,"Horror,Mystery,Thriller",104,7.6,329094.0
The Outlaw Josey Wales,PG,1976,Clint Eastwood,31.80,Western,135,7.8,63749.0
The Peanut Butter Falcon,PG-13,2019,Tyler Nilson,13.12,"Comedy,Drama",97,7.6,43806.0
The Perks of Being a Wallflower,PG-13,2012,Stephen Chbosky,17.74,"Drama,Romance",103,8.0,448989.0
The Pianist,R,2002,Roman Polanski,32.57,"Biography,Drama,Music",150,8.5,703115.0
The Prestige,PG-13,2006,Christopher Nolan,53.09,"Drama,Mystery,Sci-Fi",130,8.5,1147031.0
The Princess Bride,PG,1987,Rob Reiner,30.86,"Adventure,Family,Fantasy",98,8.1,382927.0
The Purple Rose of Cairo,PG,1985,Woody Allen,10.63,"Comedy,Fantasy,Romance",82,7.7,45861.0
The Pursuit of Happyness,PG-13,2006,Gabriele Muccino,163.57,"Biography,Drama",117,8.0,434720.0
The Remains of the Day,PG,1993,James Ivory,22.95,"Drama,Romance",134,7.8,63537.0
The Revenant,R,2015,Alejandro G. Iñárritu,183.64,"Action,Adventure,Drama",156,8.0,680300.0
The Right Stuff,PG,1983,Philip Kaufman,21.50,"Adventure,Biography,Drama",193,7.8,54728.0
The Royal Tenenbaums,R,2001,Wes Anderson,52.36,"Comedy,Drama",110,7.6,259793.0
The Sandlot,PG,1993,David Mickey Evans,32.42,"Comedy,Drama,Family",101,7.8,76612.0
The Secret of NIMH,G,1982,Don Bluth,10.14,"Animation,Adventure,Drama",82,7.6,35285.0
The Shawshank Redemption,R,1994,Frank Darabont,28.34,Drama,142,9.3,2263707.0
The Shining,R,1980,Stanley Kubrick,44.02,"Drama,Horror",146,8.4,862545.0
The Silence of the Lambs,R,1991,Jonathan Demme,130.74,"Crime,Drama,Thriller",118,8.6,1226118.0
The Sixth Sense,PG-13,1999,M. Night Shyamalan,293.51,"Drama,Mystery,Thriller",107,8.1,890329.0
The Social Network,PG-13,2010,David Fincher,96.96,"Biography,Drama",120,7.7,605403.0
The Sound of Music,G,1965,Robert Wise,163.21,"Biography,Drama,Family",172,8.0,197569.0
The Station Agent,R,2003,Tom McCarthy,5.74,"Comedy,Drama",89,7.6,66398.0
The Sting,PG,1973,George Roy Hill,159.60,"Comedy,Crime,Drama",129,8.3,235047.0
The Straight Story,G,1999,David Lynch,6.20,"Biography,Drama",112,8.0,79538.0
The Taking of Pelham One Two Three,R,1974,Joseph Sargent,0,"Action,Crime,Thriller",104,7.7,0.0
The Ten Commandments,G,1956,Cecil B. DeMille,93.74,"Adventure,Drama",220,7.8,62083.0
The Terminator,R,1984,James Cameron,38.40,"Action,Sci-Fi",107,8.0,780336.0
The Theory of Everything,PG-13,2014,James Marsh,35.89,"Biography,Drama,Romance",123,7.7,388163.0
The Thin Red Line,R,1998,Terrence Malick,36.40,"Drama,War",170,7.6,168533.0
The Thing,R,1982,John Carpenter,13.78,"Horror,Mystery,Sci-Fi",109,8.1,357621.0
The Truman Show,PG,1998,Peter Weir,125.62,"Comedy,Drama,Sci-Fi",103,8.1,903859.0
The Untouchables,R,1987,Brian De Palma,76.27,"Crime,Drama,Thriller",119,7.9,271423.0
The Usual Suspects,R,1995,Bryan Singer,23.34,"Crime,Mystery,Thriller",106,8.5,963469.0
The Verdict,R,1982,Sidney Lumet,54.00,Drama,129,7.7,34726.0
The Visitor,PG-13,2007,Tom McCarthy,9.42,Drama,104,7.6,41091.0
The Warriors,R,1979,Walter Hill,22.49,"Action,Crime,Thriller",92,7.6,91248.0
The Wild Bunch,R,1969,Sam Peckinpah,12.06,"Action,Adventure,Western",135,7.9,75754.0
The Wizard of Oz,PG,1939,Victor Fleming,2.08,"Adventure,Family,Fantasy",102,8.0,365275.0
The Wolf of Wall Street,R,2013,Martin Scorsese,116.90,"Biography,Crime,Drama",180,8.2,1131803.0
The World's Fastest Indian,PG-13,2005,Roger Donaldson,5.13,"Biography,Drama,Sport",127,7.8,51006.0
The Wrestler,R,2008,Darren Aronofsky,26.24,"Drama,Sport",109,7.9,285539.0
There Will Be Blood,R,2007,Paul Thomas Anderson,40.22,Drama,158,8.2,499454.0
This Is Spinal Tap,R,1984,Rob Reiner,0.19,"Comedy,Music",82,7.9,126073.0
Thor: Ragnarok,PG-13,2017,Taika Waititi,315.06,"Action,Adventure,Comedy",130,7.9,559467.0
"Three Billboards Outside Ebbing, Missouri",R,2017,Martin McDonagh,54.51,"Comedy,Crime,Drama",115,8.2,406124.0
Titanic,PG-13,1997,James Cameron,659.33,"Drama,Romance",194,7.8,1018764.0
All About My Mother,R,1999,Pedro Almodóvar,8.26,Drama,101,7.8,86539.0
Togo,PG,2019,Ericson Core,0,"Adventure,Biography,Drama",113,8.0,0.0
Tombstone,R,1993,George P. Cosmatos,56.51,"Action,Biography,Drama",130,7.8,122337.0
My Neighbor Totoro,G,1988,Hayao Miyazaki,1.11,"Animation,Family,Fantasy",86,8.2,275028.0
Touch of Evil,PG-13,1958,Orson Welles,2.24,"Crime,Drama,Film-Noir",95,8.0,96471.0
Toy Story,G,1995,John Lasseter,191.80,"Animation,Adventure,Comedy",81,8.3,859792.0
Toy Story 2,G,1999,John Lasseter,245.85,"Animation,Adventure,Comedy",92,7.9,512106.0
Toy Story 3,G,2010,Lee Unkrich,415.00,"Animation,Adventure,Comedy",103,8.3,736161.0
Toy Story 4,G,2019,Josh Cooley,434.04,"Animation,Adventure,Comedy",100,7.8,185721.0
Traffic,R,2000,Steven Soderbergh,124.12,"Crime,Drama,Thriller",147,7.6,192475.0
Training Day,R,2001,Antoine Fuqua,76.63,"Crime,Drama,Thriller",122,7.7,379285.0
Trainspotting,R,1996,Danny Boyle,16.50,Drama,93,8.1,620936.0
Three Colors: White,R,1994,Krzysztof Kieslowski,1.46,"Comedy,Drama,Romance",92,7.6,61312.0
Three Colors: Blue,R,1993,Krzysztof Kieslowski,1.32,"Drama,Music,Mystery",94,7.9,85670.0
Three Colors: Red,R,1994,Krzysztof Kieslowski,4.04,"Drama,Mystery,Romance",99,8.1,86954.0
Elite Squad,R,2007,José Padilha,0.01,"Action,Crime,Drama",115,8.1,96125.0
True Grit,PG-13,2010,Ethan Coen,171.24,"Drama,Western",110,7.6,303197.0
True Romance,R,1993,Tony Scott,12.28,"Crime,Drama,Romance",119,7.9,201274.0
12 Monkeys,R,1995,Terry Gilliam,57.14,"Mystery,Sci-Fi,Thriller",129,8.0,566264.0
Tokyo Godfathers,PG-13,2003,Satoshi Kon,0.13,"Animation,Adventure,Comedy",92,7.8,29473.0
A Very Long Engagement,R,2004,Jean-Pierre Jeunet,6.17,"Drama,Mystery,Romance",133,7.6,70034.0
A Prophet,R,2009,Jacques Audiard,2.08,"Crime,Drama",155,7.9,91726.0
Land of Mine,R,2015,Martin Zandvliet,0.44,"Drama,History,War",100,7.8,33363.0
Unforgiven,R,1992,Clint Eastwood,101.16,"Drama,Western",130,8.2,364976.0
Up,PG,2009,Pete Docter,293.00,"Animation,Adventure,Comedy",96,8.2,906620.0
V for Vendetta,R,2005,James McTeigue,70.51,"Action,Drama,Sci-Fi",132,8.2,1004489.0
Vampire Hunter D: Bloodlust,R,2000,Yoshiaki Kawajiri,0.15,"Animation,Action,Fantasy",103,7.7,28424.0
Vertigo,PG,1958,Alfred Hitchcock,3.20,"Mystery,Romance,Thriller",128,8.3,349557.0
Cries & Whispers,R,1972,Ingmar Bergman,1.74,Drama,91,8.1,28874.0
Volver,R,2006,Pedro Almodóvar,12.90,"Comedy,Drama",121,7.6,92705.0
WALL·E,G,2008,Andrew Stanton,223.81,"Animation,Adventure,Family",98,8.4,969644.0
Waking Life,R,2001,Richard Linklater,2.89,"Animation,Drama,Fantasy",99,7.8,59664.0
Walk the Line,PG-13,2005,James Mangold,119.52,"Biography,Drama,Music",136,7.8,228309.0
Warrior,PG-13,2011,Gavin O'Connor,13.66,"Action,Drama,Sport",140,8.2,425557.0
Watchmen,R,2009,Zack Snyder,107.51,"Action,Drama,Mystery",162,7.6,488496.0
Watership Down,PG,1978,Martin Rosen,0,"Animation,Adventure,Drama",91,7.6,0.0
What We Do in the Shadows,R,2014,Jemaine Clement,3.33,"Comedy,Horror",86,7.7,148710.0
What's Eating Gilbert Grape,PG-13,1993,Lasse Hallström,9.17,Drama,118,7.8,209178.0
When Harry Met Sally...,R,1989,Rob Reiner,92.82,"Comedy,Drama,Romance",95,7.6,189471.0
Whiplash,R,2014,Damien Chazelle,13.09,"Drama,Music",106,8.5,685046.0
Who Framed Roger Rabbit,PG,1988,Robert Zemeckis,156.45,"Animation,Adventure,Comedy",104,7.7,177634.0
Willy Wonka & the Chocolate Factory,G,1971,Mel Stuart,4.00,"Family,Fantasy,Musical",100,7.8,172945.0
Wind River,R,2017,Taylor Sheridan,33.80,"Crime,Drama,Mystery",107,7.7,193679.0
Withnail & I,R,1987,Bruce Robinson,1.54,"Comedy,Drama",107,7.7,39163.0
"Crouching Tiger, Hidden Dragon",PG-13,2000,Ang Lee,128.08,"Action,Adventure,Fantasy",120,7.8,248712.0
Wonder,PG,2017,Stephen Chbosky,132.42,"Drama,Family",113,8.0,131781.0
Wreck-It Ralph,PG,2012,Rich Moore,189.42,"Animation,Adventure,Comedy",101,7.7,369707.0
X-Men: Days of Future Past,PG-13,2014,Bryan Singer,233.92,"Action,Adventure,Sci-Fi",132,8.0,648065.0
X: First Class,PG-13,2011,Matthew Vaughn,146.41,"Action,Adventure,Sci-Fi",131,7.7,634829.0
Y Tu Mamá También,R,2001,Alfonso Cuarón,13.62,Drama,106,7.6,113109.0
Ying xiong,PG-13,2002,Yimou Zhang,53.71,"Action,Adventure,History",120,7.9,171501.0
Ip Man,R,2008,Wilson Yip,0,"Action,Biography,Drama",106,8.0,0.0
Young Frankenstein,PG,1974,Mel Brooks,86.30,Comedy,106,8.0,139809.0
Zelig,PG,1983,Woody Allen,11.80,Comedy,79,7.7,39013.0
The Mirror,G,1975,Andrei Tarkovsky,0.18,"Biography,Drama",107,8.1,37686.0
Cold War,R,2018,Pawel Pawlikowski,4.57,"Drama,History,Music",89,7.6,45057.0
Zodiac,R,2007,David Fincher,33.08,"Crime,Drama,Mystery",157,7.7,438990.0
Zombieland,R,2009,Ruben Fleischer,75.59,"Adventure,Comedy,Fantasy",88,7.6,508217.0
Zootopia,PG,2016,Byron Howard,341.27,"Animation,Adventure,Comedy",108,8.0,418222.0
Black Book,R,2006,Paul Verhoeven,4.40,"Drama,Thriller,War",145,7.7,71282.0
